user_id,tm,to_date,platform,invitation_code,extra_userId,pkg,ver,ip_addr,model,android_id,nickname
2016674414736834560,2026-01-29 00:47:05,2026/1/29,iOS,42SMUS1,2016674414736834560,work.eheet.eheet,1.0.0,"74.101.213.155, 15.158.226.97",iPhone,3a21cb17-2f42-4736-b86c-1138f88bf7df,EheetiOS
2014546703830614016,2026-01-29 02:57:56,2026/1/29,iOS,L418GMB,2014546703830614016,work.eheet.eheet,1.0.0,"104.57.49.116, 18.68.48.5",iPhone,,EheetiOS
2015159388540633088,2026-01-29 04:21:41,2026/1/29,iOS,UGGFPMK,2015159388540633088,work.eheet.eheet,1.0.0,"64.121.165.29, 15.158.232.72",iPad,5984f99e-457a-4c81-964d-99188970df2a,EheetiOS
2016751355724693504,2026-01-29 05:52:52,2026/1/29,iOS,Q7X6LG4,2016751355724693504,work.eheet.eheet,1.0.0,"151.254.132.55, 15.158.253.110",iPhone,8e1ced0e-b719-4380-8732-b995efd7895b,EheetiOS
2016756592514564096,2026-01-29 06:13:42,2026/1/29,iOS,sHk5md1,2016756592514564096,work.eheet.eheet,1.0.0,"94.77.254.5, 15.158.197.79",iPhone,f5f35313-cdd3-43e6-83ff-06b112a63ea8,EheetiOS
2014490228441612288,2026-01-29 07:26:15,2026/1/29,iOS,VCS28UX,2014490228441612288,work.eheet.eheet,1.0.0,"5.156.238.1, 15.158.253.99",iPhone,598c8cc8-0aeb-4605-9f9e-20b3c2e9f836,EheetiOS
2016806533127602176,2026-01-29 09:32:06,2026/1/29,iOS,LH06BUZ,2016806533127602176,work.eheet.eheet,1.0.0,"86.97.228.78, 15.158.33.86",iPhone,db740dcc-4bf2-463a-828d-a03b0bf0ccd3,EheetiOS
2016810425605292032,2026-01-29 09:47:34,2026/1/29,iOS,VJ2ZB9T,2016810425605292032,work.eheet.eheet,1.0.0,"176.7.198.0, 18.68.42.233",iPhone,2c84e44a-8c9b-4ca9-ae23-d010b39a7ac9,EheetiOS
2016816383077253120,2026-01-29 10:11:14,2026/1/29,iOS,SCI1FLT,2016816383077253120,work.eheet.eheet,1.0.0,"146.75.200.20, 3.172.104.111",iPhone,5e3839ef-e97e-4bd1-b113-6a6175e52b1e,EheetiOS
2016842833851449344,2026-01-29 11:56:21,2026/1/29,iOS,R57DHEK,2016842833851449344,work.eheet.eheet,1.0.0,"81.110.204.167, 15.158.48.107",iPhone,9796f1f1-b5f6-49c5-b3ce-e7a13f51568b,EheetiOS
2016856762254229504,2026-01-29 12:51:40,2026/1/29,iOS,JWQRD8K,2016856762254229504,work.eheet.eheet,1.0.0,"216.164.31.94, 15.158.232.72",iPhone,4e90b645-095f-402b-b6e7-23b8dc268ebc,EheetiOS
2016539029062942720,2026-01-29 14:01:19,2026/1/29,iOS,CFDQZRW,2016539029062942720,work.eheet.eheet,1.0.0,"188.156.66.241, 18.68.26.14",iPhone,,EheetiOS
2016884354961244160,2026-01-29 14:41:21,2026/1/29,iOS,8YRK9KX,2016884354961244160,work.eheet.eheet,1.0.0,"2.89.144.160, 15.158.253.110",iPhone,c8379543-6d1a-4ed7-9d8c-5067622182c5,EheetiOS
2016631783285719040,2026-01-29 21:10:50,2026/1/29,iOS,KGLYSU7,2016631783285719040,work.eheet.eheet,1.0.0,"189.150.131.253, 18.68.19.212",iPhone,4a6ecf5b-d9f1-4f54-92ee-f83bb819240e,EheetiOS
2017026652382560256,2026-01-30 00:06:47,2026/1/30,iOS,UWXW2I4,2017026652382560256,work.eheet.eheet,1.0.0,"51.39.231.30, 15.158.197.79",iPhone,9f8764e1-4121-4171-9664-23d6dbe6474d,EheetiOS
2017028292418338816,2026-01-30 00:13:17,2026/1/30,iOS,25L55LG,2017028292418338816,work.eheet.eheet,1.0.0,"5.254.112.112, 3.172.96.98",iPhone,f6f88506-5747-4c5c-bc45-4cac5340140a,EheetiOS
2017091278847737856,2026-01-30 04:23:33,2026/1/30,iOS,JWQRD8K,2017091278847737856,work.eheet.eheet,1.0.0,"216.164.31.94, 15.158.232.72",iPhone,492d67ec-7002-4f90-84c9-c6b4179f940b,EheetiOS
2017093600801849344,2026-01-30 04:32:46,2026/1/30,iOS,V2JMIL3,2017093600801849344,work.eheet.eheet,1.0.0,"172.59.117.170, 15.158.214.203",iPhone,bdeb842e-d2bd-46ec-9ebe-a7c3ee349c57,EheetiOS
2017103340957204480,2026-01-30 05:11:31,2026/1/30,iOS,Y3KCK6L,2017103340957204480,work.eheet.eheet,1.0.0,"176.18.78.121, 3.172.64.114",iPhone,557f96e4-3752-4db6-9dd4-63d861eb861c,EheetiOS
2016131621740216320,2026-01-30 06:13:56,2026/1/30,iOS,KNH08S9,2016131621740216320,work.eheet.eheet,1.0.0,"172.225.219.3, 3.172.2.240",iPhone,85e40a64-296b-4cc1-ac16-db4751773fa4,EheetiOS
2016595322352041984,2026-01-30 07:01:09,2026/1/30,iOS,Y3DNTD1,2016595322352041984,work.eheet.eheet,1.0.0,"5.177.166.9, 3.172.2.240",iPhone,e44f7a94-b039-4472-a042-ddaa7c470d0f,EheetiOS
2017149095440941056,2026-01-30 08:13:18,2026/1/30,iOS,DBVH6YV,2017149095440941056,work.eheet.eheet,1.0.0,"67.161.102.189, 18.68.45.144",iPhone,bd3e78ff-6ec1-4d5a-8daa-ded7c6a00064,EheetiOS
2017153916034220032,2026-01-30 08:32:26,2026/1/30,iOS,S7HBCHY,2017153916034220032,work.eheet.eheet,1.0.0,"184.186.113.92, 15.158.15.70",iPhone,f095694b-d65f-4107-a4f1-824a81e1c273,EheetiOS
2017246621934419968,2026-01-30 14:40:52,2026/1/30,iOS,RNI6M61,2017246621934419968,work.eheet.eheet,1.0.0,"92.48.44.98, 3.172.64.114",iPhone,dc00db24-78e4-47ea-b8a1-da882cc34784,EheetiOS
2017297890552184832,2026-01-30 18:04:34,2026/1/30,iOS,8TZHAY3,2017297890552184832,work.eheet.eheet,1.0.0,"95.169.231.23, 15.158.205.98",iPhone,9fd257ce-c4b3-4af4-9623-b742587c0547,EheetiOS
2017305783271817216,2026-01-30 18:35:56,2026/1/30,iOS,8FNTYAV,2017305783271817216,work.eheet.eheet,1.0.0,"46.139.230.145, 18.68.26.42",iPhone,3026b1ca-8027-41f5-9a05-c2152e9eed69,EheetiOS
2017310225446600704,2026-01-30 18:53:36,2026/1/30,iOS,DAEL2ZJ,2017310225446600704,work.eheet.eheet,1.0.0,"37.186.42.11, 15.158.197.79",iPad,d7997465-62cd-4ff1-a27b-64ef7428fea6,EheetiOS
2017355107955507200,2026-01-30 21:55:22,2026/1/30,iOS,BZQ3F7Y,2017355107955507200,work.eheet.eheet,1.0.0,"172.56.47.42, 15.158.5.118",iPhone,ce7c6a8e-6764-4049-b212-0835e44167ce,EheetiOS
2017374258690392064,2026-01-30 23:08:03,2026/1/30,iOS,DNL75O6,2017374258690392064,work.eheet.eheet,1.0.0,"151.254.28.180, 15.158.253.97",iPhone,60f8d430-bc53-403a-add0-283a76b3a8ab,EheetiOS
2017386154340515840,2026-01-30 23:55:18,2026/1/30,iOS,25L55LG,2017386154340515840,work.eheet.eheet,1.0.0,"51.191.151.231, 15.158.48.107",iPhone,15fa0d92-eb87-4782-a953-05dbf1d6535d,EheetiOS
2017433761716764672,2026-01-31 03:04:29,2026/1/31,iOS,6Y83JDT,2017433761716764672,work.eheet.eheet,1.0.0,"202.65.233.13, 15.158.46.109",iPhone,00724474-490d-4b3b-85d4-2296daaaab33,EheetiOS
2017435671442096128,2026-01-31 03:12:03,2026/1/31,iOS,MVRQ0Y8,2017435671442096128,work.eheet.eheet,1.0.0,"98.212.40.164, 15.158.214.203",iPhone,a45f98de-c319-466c-92e8-575e2f5d14a5,EheetiOS
2017450058399744000,2026-01-31 04:09:15,2026/1/31,iOS,ZJ0RD1P,2017450058399744000,work.eheet.eheet,1.0.0,"146.75.205.0, 15.158.25.18",iPhone,1ec95b74-d66b-411c-8fd2-93bdde776ce5,EheetiOS
2017471020637749248,2026-01-31 05:32:31,2026/1/31,iOS,4YLQSWQ,2017471020637749248,work.eheet.eheet,1.0.0,"173.24.83.180, 18.68.48.5",iPhone,cc8b0e38-c0cc-44b6-8454-d464b256d6ad,EheetiOS
2017510609221976065,2026-01-31 08:09:49,2026/1/31,iOS,MLBNPBD,2017510609221976065,work.eheet.eheet,1.0.0,"98.169.39.164, 15.158.214.203",iPhone,7c12240a-6e93-404f-8479-f23e6b8b4d81,EheetiOS
2016282113623588864,2026-01-31 09:28:33,2026/1/31,iOS,VGD4U39,2016282113623588864,work.eheet.eheet,1.0.0,"172.58.0.75, 18.68.48.5",iPhone,285b0fe4-5f05-40db-8b26-e99fdeb3277b,EheetiOS
2017556613103222784,2026-01-31 11:12:40,2026/1/31,iOS,JP28Q2K,2017556613103222784,work.eheet.eheet,1.0.0,"2.90.123.222, 15.158.253.110",iPhone,081c88df-41b1-4e8e-bd88-e68823f3bceb,EheetiOS
2017656107702550528,2026-01-31 17:47:59,2026/1/31,iOS,MLBNPBD,2017656107702550528,work.eheet.eheet,1.0.0,"98.169.39.164, 15.158.214.203",iPhone,2b9e90d7-8806-4fd2-801b-7f6bc2773cc3,EheetiOS
2017663080405794816,2026-01-31 18:15:43,2026/1/31,iOS,R4YDRCV,2017663080405794816,work.eheet.eheet,1.0.0,"82.35.239.170, 15.158.56.148",iPhone,3cf27b85-f762-4b06-a7d7-48a19e4265e9,EheetiOS
2017672944154705920,2026-01-31 18:54:57,2026/1/31,iOS,9VTM9Z5,2017672944154705920,work.eheet.eheet,1.0.0,"197.149.187.43, 18.68.28.86",iPhone,bcf6dab3-ec68-4b44-ad2c-290db9683c0c,EheetiOS
2017679691539939328,2026-01-31 19:21:44,2026/1/31,iOS,CC1C3GX,2017679691539939328,work.eheet.eheet,1.0.0,"103.248.202.187, 15.158.25.55",iPhone,128d8fbc-4b8a-4e23-a24f-4caf1d3e0ad4,EheetiOS
2017755658300030976,2026-02-01 00:23:36,2026/2/1,iOS,WNPOZPY,2017755658300030976,work.eheet.eheet,1.0.0,"87.68.8.87, 3.172.59.14",iPhone,0cebcd86-2f35-4aa8-ad00-19386c904c64,EheetiOS
2017823336750514176,2026-02-01 04:52:29,2026/2/1,iOS,GW4LLKZ,2017823336750514176,work.eheet.eheet,1.0.0,"172.58.120.11, 15.158.202.100",iPhone,39961442-6fa5-41f8-ba25-932b69acb223,EheetiOS
2017829854778621952,2026-02-01 05:18:23,2026/2/1,iOS,D4IY0W9,2017829854778621952,work.eheet.eheet,1.0.0,"99.89.80.19, 15.158.202.111",iPhone,93ab3ae0-b81f-45b9-9d4e-3243bbf35a5d,EheetiOS
2015325283137224704,2026-02-01 05:28:30,2026/2/1,iOS,89UM955,2015325283137224704,work.eheet.eheet,1.0.0,"120.16.53.210, 18.68.61.15",iPhone,f76b825e-cc71-470b-97b0-dad6e0a6b8a7,EheetiOS
2017951022470791168,2026-02-01 13:19:54,2026/2/1,iOS,5ZZJ6OV,2017951022470791168,work.eheet.eheet,1.0.0,"172.225.160.101, 130.176.183.206",iPhone,02de59c0-f5f6-4058-b372-9c0b8f4398c2,EheetiOS
2017994358690807808,2026-02-01 16:12:05,2026/2/1,iOS,O210I8L,2017994358690807808,work.eheet.eheet,1.0.0,"85.246.43.31, 15.158.240.102",iPhone,80de075e-ebe9-4bae-911e-bee2ff355aa2,EheetiOS
2017997329952538624,2026-02-01 16:23:54,2026/2/1,iOS,HKUES4O,2017997329952538624,work.eheet.eheet,1.0.0,"104.28.99.203, 3.172.107.105",iPhone,f0322fc1-e806-445a-8759-5d950670837d,EheetiOS
2018024647160889344,2026-02-01 18:12:27,2026/2/1,iOS,WSHV4HJ,2018024647160889344,work.eheet.eheet,1.0.0,"178.231.44.56, 64.252.178.78",iPhone,8ccd613f-af9b-47d4-ab16-e3d0cc5579fb,EheetiOS
2018032601876529152,2026-02-01 18:44:05,2026/2/1,iOS,RLKNCR7,2018032601876529152,work.eheet.eheet,1.0.0,"37.231.10.225, 15.158.197.79",iPhone,7b7649ef-8d59-4442-85a4-28feed0d6c11,EheetiOS
2018052630860922880,2026-02-01 20:03:41,2026/2/1,iOS,CL15JU2,2018052630860922880,work.eheet.eheet,1.0.0,"51.36.32.242, 15.158.197.79",iPhone,e493748c-a0c3-4107-9bd8-ca6c35a48c93,EheetiOS
2018105900476268544,2026-02-01 23:35:25,2026/2/1,iOS,EGTI6CT,2018105900476268544,work.eheet.eheet,1.0.0,"51.36.102.34, 15.158.197.66",iPhone,ca009506-464a-4d9a-9df5-daab5b918a38,EheetiOS
2018107778190671872,2026-02-01 23:42:47,2026/2/1,iOS,I1J3WNJ,2018107778190671872,work.eheet.eheet,1.0.0,"94.64.54.244, 3.172.83.23",iPhone,0badf219-a72b-4a46-8736-c090fc5fd9bf,EheetiOS
